create table users (
  id integer not null primary key,
  name varchar(255) not null
);

create table items (
  id integer not null primary key,
  name varchar(255) not null,
  price integer not null
);

create table purchases (
  user_id integer not null,
  item_id integer not null,
  quantity integer not null
);

insert into users
  (id, name)
values
  (1, '伊藤博文'),
  (2, '黑田清隆'),
  (3, '三條實美'),
  (4, '山縣有朋'),
  (5, '松方正義'),
  (6, '大隈重信'),
  (7, '桂太郎'),
  (8, '西園寺公望'),
  (9, '山本權兵衛'),
  (10, '寺内正毅'),
  (11, '原敬'),
  (12, '内田康哉'),
  (13, '高橋是清')
;

insert into items
  (id, name, price)
values
  (1, 'りんご', 100),
  (2, 'バナナ', 100),
  (3, 'きゅうり', 200),
  (4, 'スイカ', 200),
  (5, 'トマト', 100),
  (6, 'みかん', 500),
  (7, 'レタス', 300),
  (8, 'メロン', 700),
  (9, 'ニラ', 900),
  (10, 'にんにく', 1000),
  (11, 'チョコレート', 1010),
  (12, 'にんじん', 1200),
  (13, 'ピーマン', 400),
  (14, 'もも', 900),
  (15, 'ビスケット', 800)
;

insert into purchases
  (user_id, item_id, quantity)
values
  (9, 10, 73),
  (4, 8, 81),
  (5, 1, 96),
  (2, 6, 78),
  (3, 8, 4),
  (7, 2, 69),
  (10, 7, 80),
  (9, 5, 66),
  (4, 7, 48),
  (5, 8, 56),
  (2, 2, 58),
  (3, 5, 34),
  (8, 9, 6),
  (4, 4, 54),
  (4, 7, 40),
  (2, 7, 55),
  (6, 8, 73),
  (7, 10, 45),
  (7, 8, 82),
  (7, 4, 11),
  (2, 10, 7),
  (7, 3, 92),
  (8, 3, 35),
  (2, 7, 2),
  (1, 4, 75),
  (3, 5, 2),
  (1, 8, 65),
  (6, 1, 32),
  (9, 2, 66),
  (3, 6, 33),
  (5, 6, 46),
  (5, 6, 50),
  (5, 4, 98),
  (6, 8, 87),
  (4, 3, 5),
  (5, 4, 62),
  (4, 1, 99),
  (2, 6, 68),
  (8, 1, 80),
  (7, 1, 65),
  (5, 5, 16),
  (10, 5, 73),
  (8, 1, 91),
  (10, 10, 40),
  (4, 9, 46),
  (2, 8, 48),
  (7, 8, 88),
  (6, 10, 68),
  (6, 10, 45),
  (10, 3, 85),
  (6, 4, 78),
  (5, 10, 69),
  (10, 8, 56),
  (3, 1, 31),
  (1, 9, 30),
  (8, 8, 82),
  (3, 10, 32),
  (2, 2, 28),
  (3, 1, 55),
  (6, 9, 47),
  (6, 3, 35),
  (2, 7, 42),
  (5, 7, 28),
  (5, 1, 27),
  (6, 7, 58),
  (8, 9, 88),
  (6, 2, 83),
  (8, 5, 52),
  (3, 10, 95),
  (3, 6, 21),
  (5, 2, 34),
  (10, 8, 17),
  (3, 5, 17),
  (2, 2, 47),
  (1, 9, 43),
  (8, 2, 71),
  (9, 1, 14),
  (7, 9, 57),
  (7, 7, 97),
  (1, 1, 29),
  (10, 8, 99),
  (1, 4, 4),
  (4, 4, 79),
  (7, 1, 5),
  (4, 7, 68),
  (10, 7, 22),
  (2, 7, 46),
  (4, 9, 44),
  (6, 3, 86),
  (2, 7, 79),
  (3, 7, 51),
  (6, 3, 36),
  (9, 5, 79),
  (1, 4, 43),
  (1, 2, 74),
  (8, 10, 78),
  (4, 6, 42),
  (7, 9, 30),
  (2, 5, 94),
  (10, 2, 61)
;
